test_id,timestamp,num_clusters,num_nodes,num_pods,elapsed,total_queries,throughput,query_name,desc,num_hops,db_name
Cxq6n,2025-04-15T19:13:30Z,1,9,461,60.00201583399985,27022,450.35153610102736,test_get_all_nodes,10-nodes-with-50-pods,1,neo4j
Cxq6n,2025-04-15T19:14:46Z,1,9,461,60.002364166999996,8988,149.7940976956239,test_get_all_node_annotations,10-nodes-with-50-pods,1,neo4j
Cxq6n,2025-04-15T19:16:01Z,1,9,461,60.00580579200005,9009,150.13547241125585,test_get_all_node_labels,10-nodes-with-50-pods,1,neo4j
Cxq6n,2025-04-15T19:17:17Z,1,9,461,60.00223837500016,25691,428.16736001475766,test_get_all_node_taint,10-nodes-with-50-pods,1,neo4j
Cxq6n,2025-04-15T19:18:37Z,1,9,461,60.00757849999991,1252,20.86403136563829,test_get_all_nodes_pods,10-nodes-with-50-pods,2,neo4j
Cxq6n,2025-04-15T19:20:02Z,1,9,461,60.00895491600022,561,9.348604733831488,test_get_all_pods_labels,10-nodes-with-50-pods,3,neo4j
Cxq6n,2025-04-15T19:21:29Z,1,9,461,60.05263704200024,521,8.675722260716338,test_get_all_pods_annotations,10-nodes-with-50-pods,3,neo4j
Cxq6n,2025-04-15T19:22:50Z,1,9,461,60.050953833999756,1007,16.769092507400856,test_get_all_pods_containers,10-nodes-with-50-pods,3,neo4j
Cxq6n,2025-04-15T19:24:11Z,1,9,461,60.027760832999775,1013,16.87552535598015,test_get_all_pods_replicasets,10-nodes-with-50-pods,3,neo4j
Cxq6n,2025-04-15T19:25:38Z,1,9,461,60.0472518749998,473,7.877129847418209,test_get_all_pods_replicasets_labels,10-nodes-with-50-pods,4,neo4j
Cxq6n,2025-04-15T19:27:07Z,1,9,461,60.00578825000002,435,7.249300653924829,test_get_all_pods_replicasets_annotations,10-nodes-with-50-pods,4,neo4j
Cxq6n,2025-04-15T19:28:29Z,1,9,461,60.06408245800003,837,13.935116724462985,test_get_all_pods_deployments,10-nodes-with-50-pods,4,neo4j
Cxq6n,2025-04-15T19:29:45Z,1,9,461,60.001629458000025,30500,508.31952857795983,test_get_all_pods_images,10-nodes-with-50-pods,4,neo4j
Cxq6n,2025-04-15T19:31:16Z,1,9,461,60.03020516599963,361,6.013639283786189,test_get_all_pods_deployments_annotations,10-nodes-with-50-pods,5,neo4j
Cxq6n,2025-04-15T19:32:39Z,1,9,461,60.06391699999995,773,12.869623537872176,test_get_all_pods_deployments_labels,10-nodes-with-50-pods,5,neo4j
Cxq6n,2025-04-15T19:33:54Z,1,9,461,60.00382316699961,9717,161.93968129257593,test_get_pods_for_specific_node,10-nodes-with-50-pods,1,neo4j
Cxq6n,2025-04-15T19:35:10Z,1,9,461,60.0002695420003,30801,513.3476938539292,get_labels_for_specific_node,10-nodes-with-50-pods,1,neo4j
Cxq6n,2025-04-15T19:36:25Z,1,9,461,60.0014961249999,37990,633.1508787856923,get_taint_for_specific_node,10-nodes-with-50-pods,1,neo4j
Cxq6n,2025-04-15T19:37:40Z,1,9,461,60.0016519159999,30459,507.636023798836,get_annotation_for_specific_node,10-nodes-with-50-pods,1,neo4j
Cxq6n,2025-04-15T19:38:56Z,1,9,461,60.004617582999344,4994,83.22692821251997,get_pod_labels_for_specific_node,10-nodes-with-50-pods,2,neo4j
Cxq6n,2025-04-15T19:40:14Z,1,9,461,60.00252229200032,2157,35.94848879023834,get_pod_annotations_for_specific_node,10-nodes-with-50-pods,2,neo4j
Cxq6n,2025-04-15T19:41:29Z,1,9,461,60.00182254200081,8129,135.47921805724755,get_pod_container_for_specific_node,10-nodes-with-50-pods,2,neo4j
Cxq6n,2025-04-15T19:42:45Z,1,9,461,60.000005333000445,8218,136.96665449261283,get_pod_replicaset_for_specific_node,10-nodes-with-50-pods,2,neo4j
Cxq6n,2025-04-15T19:44:01Z,1,9,461,60.00659974999962,6915,115.23732437447505,get_pod_deployment_for_specific_node,10-nodes-with-50-pods,3,neo4j
Cxq6n,2025-04-15T19:45:17Z,1,9,461,60.01019625000026,4160,69.32155300191977,get_pod_replicaset_label_for_specific_node,10-nodes-with-50-pods,3,neo4j
Cxq6n,2025-04-15T19:46:35Z,1,9,461,60.028870415999336,2258,37.615233875834875,get_pod_replicaset_annotation_for_specific_node,10-nodes-with-50-pods,3,neo4j
Cxq6n,2025-04-15T19:47:50Z,1,9,461,60.005069542000456,6433,107.2076084421039,get_pod_deployment_label_for_specific_node,10-nodes-with-50-pods,4,neo4j
Cxq6n,2025-04-15T19:49:08Z,1,9,461,60.00766066599954,2423,40.37817793775248,get_pod_deployment_annotation_for_specific_node,10-nodes-with-50-pods,4,neo4j
Cxq6n,2025-04-15T19:50:23Z,1,9,461,60.001611125000636,28239,470.6373624063199,get_pod_labels_for_specific_pod,10-nodes-with-50-pods,1,neo4j
Cxq6n,2025-04-15T19:51:38Z,1,9,461,60.00104362499951,25327,422.1093246026053,get_pod_annotations_for_specific_pod,10-nodes-with-50-pods,1,neo4j
Cxq6n,2025-04-15T19:52:53Z,1,9,461,60.00193791699985,29753,495.86731750492896,get_pod_container_for_specific_pod,10-nodes-with-50-pods,1,neo4j
Cxq6n,2025-04-15T19:54:08Z,1,9,461,60.00087758300015,29636,493.9261089807238,get_pod_replicaset_for_specific_pod,10-nodes-with-50-pods,1,neo4j
Cxq6n,2025-04-15T19:55:23Z,1,9,461,60.00045662499997,28428,473.7963942120251,get_pod_deployment_for_specific_pod,10-nodes-with-50-pods,2,neo4j
Cxq6n,2025-04-15T19:56:40Z,1,9,461,60.00045008300003,27266,454.42992448027144,get_pod_replicaset_label_for_specific_pod,10-nodes-with-50-pods,2,neo4j
Cxq6n,2025-04-15T19:57:55Z,1,9,461,60.00221799999963,24118,401.95180784817234,get_pod_replicaset_annotation_for_specific_pod,10-nodes-with-50-pods,2,neo4j
Cxq6n,2025-04-15T19:59:10Z,1,9,461,60.000011207999705,28026,467.0999127457386,get_pod_deployment_label_for_specific_pod,10-nodes-with-50-pods,3,neo4j
Cxq6n,2025-04-15T20:00:25Z,1,9,461,60.00087050000002,24192,403.19415032486893,get_pod_deployment_annotation_for_specific_pod,10-nodes-with-50-pods,3,neo4j
Cxq6n,2025-04-15T20:01:40Z,1,9,461,60.00093695899977,11416,190.26369551196933,get_pods_for_replicaset,10-nodes-with-50-pods,1,neo4j
Cxq6n,2025-04-15T20:02:55Z,1,9,461,60.00091033299941,39097,651.6067803474201,get_deployment_for_replicaset,10-nodes-with-50-pods,1,neo4j
Cxq6n,2025-04-15T20:04:11Z,1,9,461,60.00511208300031,5953,99.2082139895962,get_pod_labels_for_replicaset,10-nodes-with-50-pods,2,neo4j
Cxq6n,2025-04-15T20:05:28Z,1,9,461,60.00709300000017,2628,43.79482272204042,get_pod_annotations_for_replicaset,10-nodes-with-50-pods,2,neo4j
Cxq6n,2025-04-15T20:06:44Z,1,9,461,60.001844999999776,9321,155.3452231343892,get_pod_container_for_replicaset,10-nodes-with-50-pods,2,neo4j
Cxq6n,2025-04-15T20:07:59Z,1,9,461,60.00040883299971,39061,651.0122307452809,get_deployment_label_for_replicaset,10-nodes-with-50-pods,3,neo4j
Cxq6n,2025-04-15T20:09:14Z,1,9,461,60.000099125000816,34841,580.6823739976534,get_deployment_annotation_for_replicaset,10-nodes-with-50-pods,3,neo4j
JiX2p,2025-04-15T20:28:08Z,1,9,461,60.000201291999474,34769,579.4813892505416,test_get_all_nodes,10-nodes-with-50-pods,1,memgraph
JiX2p,2025-04-15T20:29:24Z,1,9,461,60.00391099999979,9958,165.955849111236,test_get_all_node_annotations,10-nodes-with-50-pods,1,memgraph
JiX2p,2025-04-15T20:30:39Z,1,9,461,60.00104058299985,10063,167.71375799857643,test_get_all_node_labels,10-nodes-with-50-pods,1,memgraph
JiX2p,2025-04-15T20:31:54Z,1,9,461,60.00041487499948,32597,543.2795767814312,test_get_all_node_taint,10-nodes-with-50-pods,1,memgraph
JiX2p,2025-04-15T20:33:13Z,1,9,461,60.016665708999426,1310,21.82727055101242,test_get_all_nodes_pods,10-nodes-with-50-pods,2,memgraph
JiX2p,2025-04-15T20:34:38Z,1,9,461,60.02484787499998,601,10.01252016917336,test_get_all_pods_labels,10-nodes-with-50-pods,3,memgraph
JiX2p,2025-04-15T20:36:04Z,1,9,461,60.04488033399957,554,9.226431910903573,test_get_all_pods_annotations,10-nodes-with-50-pods,3,memgraph
JiX2p,2025-04-15T20:37:25Z,1,9,461,60.00218529100039,1073,17.88268201893202,test_get_all_pods_containers,10-nodes-with-50-pods,3,memgraph
JiX2p,2025-04-15T20:38:45Z,1,9,461,60.03582920900044,1076,17.922630771937243,test_get_all_pods_replicasets,10-nodes-with-50-pods,3,memgraph
JiX2p,2025-04-15T20:40:12Z,1,9,461,60.06790312500016,501,8.340560830922108,test_get_all_pods_replicasets_labels,10-nodes-with-50-pods,4,memgraph
JiX2p,2025-04-15T20:41:40Z,1,9,461,60.05818691600052,465,7.7424914716517375,test_get_all_pods_replicasets_annotations,10-nodes-with-50-pods,4,memgraph
JiX2p,2025-04-15T20:43:02Z,1,9,461,60.0426209999996,891,14.839458790448305,test_get_all_pods_deployments,10-nodes-with-50-pods,4,memgraph
JiX2p,2025-04-15T20:44:16Z,1,9,461,60.00131820800016,39699,661.635463780641,test_get_all_pods_images,10-nodes-with-50-pods,4,memgraph
JiX2p,2025-04-15T20:45:47Z,1,9,461,60.13868558299964,388,6.451753912454683,test_get_all_pods_deployments_annotations,10-nodes-with-50-pods,5,memgraph
JiX2p,2025-04-15T20:47:09Z,1,9,461,60.04602116699971,826,13.756115458553577,test_get_all_pods_deployments_labels,10-nodes-with-50-pods,5,memgraph
JiX2p,2025-04-15T20:48:24Z,1,9,461,60.00318241599962,10485,174.74073170499395,test_get_pods_for_specific_node,10-nodes-with-50-pods,1,memgraph
JiX2p,2025-04-15T20:49:39Z,1,9,461,60.00041029199929,38526,642.0956092218127,get_labels_for_specific_node,10-nodes-with-50-pods,1,memgraph
JiX2p,2025-04-15T20:50:54Z,1,9,461,60.00092887500068,59788,996.4512403558906,get_taint_for_specific_node,10-nodes-with-50-pods,1,memgraph
JiX2p,2025-04-15T20:52:08Z,1,9,461,60.001013415998386,37747,629.1060408978913,get_annotation_for_specific_node,10-nodes-with-50-pods,1,memgraph
JiX2p,2025-04-15T20:53:24Z,1,9,461,60.0007580420006,5301,88.34888379725626,get_pod_labels_for_specific_node,10-nodes-with-50-pods,2,memgraph
JiX2p,2025-04-15T20:54:41Z,1,9,461,60.018373958000666,2294,38.22162862334929,get_pod_annotations_for_specific_node,10-nodes-with-50-pods,2,memgraph
JiX2p,2025-04-15T20:55:57Z,1,9,461,60.00537299999996,8616,143.58714177145444,get_pod_container_for_specific_node,10-nodes-with-50-pods,2,memgraph
JiX2p,2025-04-15T20:57:12Z,1,9,461,60.00562141699993,8594,143.2199150189164,get_pod_replicaset_for_specific_node,10-nodes-with-50-pods,2,memgraph
JiX2p,2025-04-15T20:58:27Z,1,9,461,60.006304832999376,7403,123.37036950705311,get_pod_deployment_for_specific_node,10-nodes-with-50-pods,3,memgraph
JiX2p,2025-04-15T20:59:43Z,1,9,461,60.002111707999575,4468,74.46404589464339,get_pod_replicaset_label_for_specific_node,10-nodes-with-50-pods,3,memgraph
JiX2p,2025-04-15T21:01:01Z,1,9,461,60.001466875000915,2346,39.09904410982726,get_pod_replicaset_annotation_for_specific_node,10-nodes-with-50-pods,3,memgraph
JiX2p,2025-04-15T21:02:16Z,1,9,461,60.00062283300031,6799,113.31549038955232,get_pod_deployment_label_for_specific_node,10-nodes-with-50-pods,4,memgraph
JiX2p,2025-04-15T21:03:33Z,1,9,461,60.00091883299865,2556,42.59934763856115,get_pod_deployment_annotation_for_specific_node,10-nodes-with-50-pods,4,memgraph
JiX2p,2025-04-15T21:04:48Z,1,9,461,60.000364292000086,55197,919.9444145268211,get_pod_labels_for_specific_pod,10-nodes-with-50-pods,1,memgraph
JiX2p,2025-04-15T21:06:03Z,1,9,461,60.000275874999716,42503,708.3800762607777,get_pod_annotations_for_specific_pod,10-nodes-with-50-pods,1,memgraph
JiX2p,2025-04-15T21:07:18Z,1,9,461,60.00008600000001,57636,960.5986231419733,get_pod_container_for_specific_pod,10-nodes-with-50-pods,1,memgraph
JiX2p,2025-04-15T21:08:32Z,1,9,461,60.000488500001666,57625,960.4088473379412,get_pod_replicaset_for_specific_pod,10-nodes-with-50-pods,1,memgraph
JiX2p,2025-04-15T21:09:47Z,1,9,461,60.00097724999978,55182,919.6850206302299,get_pod_deployment_for_specific_pod,10-nodes-with-50-pods,2,memgraph
JiX2p,2025-04-15T21:11:01Z,1,9,461,60.00118399999883,52523,875.3660594431108,get_pod_replicaset_label_for_specific_pod,10-nodes-with-50-pods,2,memgraph
JiX2p,2025-04-15T21:12:16Z,1,9,461,60.000149790999785,41153,685.8816210184375,get_pod_replicaset_annotation_for_specific_pod,10-nodes-with-50-pods,2,memgraph
JiX2p,2025-04-15T21:13:31Z,1,9,461,60.000798957998995,54875,914.5711549343353,get_pod_deployment_label_for_specific_pod,10-nodes-with-50-pods,3,memgraph
JiX2p,2025-04-15T21:14:46Z,1,9,461,60.000303832999634,40772,679.5298922732414,get_pod_deployment_annotation_for_specific_pod,10-nodes-with-50-pods,3,memgraph
JiX2p,2025-04-15T21:16:01Z,1,9,461,60.00380050000058,12777,212.93651224641806,get_pods_for_replicaset,10-nodes-with-50-pods,1,memgraph
JiX2p,2025-04-15T21:17:16Z,1,9,461,60.00077716599844,60485,1008.0702760342904,get_deployment_for_replicaset,10-nodes-with-50-pods,1,memgraph
JiX2p,2025-04-15T21:18:31Z,1,9,461,60.00710991699998,6192,103.1877723917147,get_pod_labels_for_replicaset,10-nodes-with-50-pods,2,memgraph
JiX2p,2025-04-15T21:19:48Z,1,9,461,60.02053462499862,2724,45.384467449669316,get_pod_annotations_for_replicaset,10-nodes-with-50-pods,2,memgraph
JiX2p,2025-04-15T21:21:03Z,1,9,461,60.00123275000078,10005,166.74657405267843,get_pod_container_for_replicaset,10-nodes-with-50-pods,2,memgraph
JiX2p,2025-04-15T21:22:18Z,1,9,461,60.000796624999566,59715,995.236786158261,get_deployment_label_for_replicaset,10-nodes-with-50-pods,3,memgraph
JiX2p,2025-04-15T21:23:33Z,1,9,461,60.00033529200118,45681,761.3457454476903,get_deployment_annotation_for_replicaset,10-nodes-with-50-pods,3,memgraph
K4jgm,2025-04-15T22:12:52Z,1,249,11986,60.015128791999814,3410,56.81900661778739,test_get_all_nodes,250-nodes-with-50-pods,1,neo4j
K4jgm,2025-04-15T22:14:16Z,1,249,11986,60.063200167000105,796,13.252707111622367,test_get_all_node_annotations,250-nodes-with-50-pods,1,neo4j
K4jgm,2025-04-15T22:15:39Z,1,249,11986,60.01727204100098,809,13.479453038907353,test_get_all_node_labels,250-nodes-with-50-pods,1,neo4j
K4jgm,2025-04-15T22:16:56Z,1,249,11986,60.01172508300078,2953,49.207050720767924,test_get_all_node_taint,250-nodes-with-50-pods,1,neo4j
K4jgm,2025-04-15T22:18:22Z,1,249,11986,60.099022917000184,574,9.550904027054205,test_get_all_nodes_pods,250-nodes-with-50-pods,2,neo4j
K4jgm,2025-04-15T22:19:49Z,1,249,11986,60.11288512499959,516,8.583850183317972,test_get_all_pods_labels,250-nodes-with-50-pods,3,neo4j
K4jgm,2025-04-15T22:21:17Z,1,249,11986,60.04161904200009,521,8.677314308189324,test_get_all_pods_annotations,250-nodes-with-50-pods,3,neo4j
K4jgm,2025-04-15T22:22:45Z,1,249,11986,60.002956374999485,459,7.649623080759476,test_get_all_pods_containers,250-nodes-with-50-pods,3,neo4j
K4jgm,2025-04-15T22:24:14Z,1,249,11986,60.09194770800059,470,7.821347417191881,test_get_all_pods_replicasets,250-nodes-with-50-pods,3,neo4j
K4jgm,2025-04-15T22:25:44Z,1,249,11986,60.11902079199899,432,7.185745780767827,test_get_all_pods_replicasets_labels,250-nodes-with-50-pods,4,neo4j
K4jgm,2025-04-15T22:27:13Z,1,249,11986,60.022682292001264,437,7.280580995598649,test_get_all_pods_replicasets_annotations,250-nodes-with-50-pods,4,neo4j
K4jgm,2025-04-15T22:28:45Z,1,249,11986,60.1124415409995,383,6.371393178877555,test_get_all_pods_deployments,250-nodes-with-50-pods,4,neo4j
K4jgm,2025-04-15T22:30:01Z,1,249,11986,60.0255546669996,4712,78.49989935354198,test_get_all_pods_images,250-nodes-with-50-pods,4,neo4j
K4jgm,2025-04-15T22:31:33Z,1,249,11986,60.127294665999216,350,5.820983663812136,test_get_all_pods_deployments_annotations,250-nodes-with-50-pods,5,neo4j
K4jgm,2025-04-15T22:33:06Z,1,249,11986,60.10097875000065,348,5.79025512126117,test_get_all_pods_deployments_labels,250-nodes-with-50-pods,5,neo4j
K4jgm,2025-04-15T22:34:21Z,1,249,11986,60.0038505420016,8951,149.17376000285952,test_get_pods_for_specific_node,250-nodes-with-50-pods,1,neo4j
K4jgm,2025-04-15T22:35:36Z,1,249,11986,60.00117987500016,25437,423.94166336383114,get_labels_for_specific_node,250-nodes-with-50-pods,1,neo4j
K4jgm,2025-04-15T22:36:51Z,1,249,11986,60.00124112499907,30899,514.9726809088647,get_taint_for_specific_node,250-nodes-with-50-pods,1,neo4j
K4jgm,2025-04-15T22:38:06Z,1,249,11986,60.001832458001445,25771,429.5035492130766,get_annotation_for_specific_node,250-nodes-with-50-pods,1,neo4j
K4jgm,2025-04-15T22:39:22Z,1,249,11986,60.00960308299909,4768,79.45394995206674,get_pod_labels_for_specific_node,250-nodes-with-50-pods,2,neo4j
K4jgm,2025-04-15T22:40:40Z,1,249,11986,60.03909633299918,2077,34.59412494285698,get_pod_annotations_for_specific_node,250-nodes-with-50-pods,2,neo4j
K4jgm,2025-04-15T22:41:55Z,1,249,11986,60.05123054099931,7569,126.0423796783373,get_pod_container_for_specific_node,250-nodes-with-50-pods,2,neo4j
K4jgm,2025-04-15T22:43:11Z,1,249,11986,60.005902082999455,7744,129.05397187910933,get_pod_replicaset_for_specific_node,250-nodes-with-50-pods,2,neo4j
K4jgm,2025-04-15T22:44:27Z,1,249,11986,60.00321358400106,6446,107.42757954081858,get_pod_deployment_for_specific_node,250-nodes-with-50-pods,3,neo4j
K4jgm,2025-04-15T22:45:43Z,1,249,11986,60.00056845799918,4087,68.11602131504685,get_pod_replicaset_label_for_specific_node,250-nodes-with-50-pods,3,neo4j
K4jgm,2025-04-15T22:47:00Z,1,249,11986,60.01830783300102,2201,36.67214354200406,get_pod_replicaset_annotation_for_specific_node,250-nodes-with-50-pods,3,neo4j
K4jgm,2025-04-15T22:48:16Z,1,249,11986,60.00638954100032,6240,103.98892597489841,get_pod_deployment_label_for_specific_node,250-nodes-with-50-pods,4,neo4j
K4jgm,2025-04-15T22:49:33Z,1,249,11986,60.00201925000147,2379,39.648665657196894,get_pod_deployment_annotation_for_specific_node,250-nodes-with-50-pods,4,neo4j
K4jgm,2025-04-15T22:50:49Z,1,249,11986,60.00066579199847,5263,87.71569332655405,get_pod_labels_for_specific_pod,250-nodes-with-50-pods,1,neo4j
K4jgm,2025-04-15T22:52:05Z,1,249,11986,60.0001116250005,4946,82.43317997327074,get_pod_annotations_for_specific_pod,250-nodes-with-50-pods,1,neo4j
K4jgm,2025-04-15T22:53:21Z,1,249,11986,60.000176499999725,4944,82.39975760738008,get_pod_container_for_specific_pod,250-nodes-with-50-pods,1,neo4j
K4jgm,2025-04-15T22:54:37Z,1,249,11986,60.00140229200042,4904,81.73142314465235,get_pod_replicaset_for_specific_pod,250-nodes-with-50-pods,1,neo4j
K4jgm,2025-04-15T22:55:53Z,1,249,11986,60.01005683299991,4747,79.10340783729428,get_pod_deployment_for_specific_pod,250-nodes-with-50-pods,2,neo4j
K4jgm,2025-04-15T22:57:09Z,1,249,11986,60.01120762500068,4746,79.08522737380835,get_pod_replicaset_label_for_specific_pod,250-nodes-with-50-pods,2,neo4j
K4jgm,2025-04-15T22:58:25Z,1,249,11986,60.00175345900061,4563,76.04777755566614,get_pod_replicaset_annotation_for_specific_pod,250-nodes-with-50-pods,2,neo4j
K4jgm,2025-04-15T22:59:41Z,1,249,11986,60.00072695800009,4729,78.81571173813032,get_pod_deployment_label_for_specific_pod,250-nodes-with-50-pods,3,neo4j
K4jgm,2025-04-15T23:00:57Z,1,249,11986,60.00040370900024,4488,74.79949671283273,get_pod_deployment_annotation_for_specific_pod,250-nodes-with-50-pods,3,neo4j
K4jgm,2025-04-15T23:02:13Z,1,249,11986,60.00359537500117,11243,187.37210545026912,get_pods_for_replicaset,250-nodes-with-50-pods,1,neo4j
K4jgm,2025-04-15T23:03:28Z,1,249,11986,60.000203458001124,36698,611.6312593121093,get_deployment_for_replicaset,250-nodes-with-50-pods,1,neo4j
K4jgm,2025-04-15T23:04:44Z,1,249,11986,60.00286633300129,5894,98.22864073342323,get_pod_labels_for_replicaset,250-nodes-with-50-pods,2,neo4j
K4jgm,2025-04-15T23:06:01Z,1,249,11986,60.00647587500134,2622,43.695283913387144,get_pod_annotations_for_replicaset,250-nodes-with-50-pods,2,neo4j
K4jgm,2025-04-15T23:07:16Z,1,249,11986,60.00263779099987,9284,154.72653106248202,get_pod_container_for_replicaset,250-nodes-with-50-pods,2,neo4j
K4jgm,2025-04-15T23:08:31Z,1,249,11986,60.000459292001324,36323,605.3786992400944,get_deployment_label_for_replicaset,250-nodes-with-50-pods,3,neo4j
K4jgm,2025-04-15T23:09:46Z,1,249,11986,60.00337900000159,31630,527.1369800690585,get_deployment_annotation_for_replicaset,250-nodes-with-50-pods,3,neo4j
FLWzn,2025-04-16T00:35:52Z,1,249,11988,60.004274374998204,3681,61.345629762898206,test_get_all_nodes,250-nodes-with-50-pods,1,memgraph
FLWzn,2025-04-16T00:37:15Z,1,249,11988,60.06986374999906,812,13.517593503781049,test_get_all_node_annotations,250-nodes-with-50-pods,1,memgraph
FLWzn,2025-04-16T00:38:39Z,1,249,11988,60.043256249999104,820,13.656820952311564,test_get_all_node_labels,250-nodes-with-50-pods,1,memgraph
FLWzn,2025-04-16T00:39:55Z,1,249,11988,60.012126207999245,3049,50.806398517398094,test_get_all_node_taint,250-nodes-with-50-pods,1,memgraph
FLWzn,2025-04-16T00:41:23Z,1,249,11988,60.08443937500124,558,9.286930290176956,test_get_all_nodes_pods,250-nodes-with-50-pods,2,memgraph
FLWzn,2025-04-16T00:42:52Z,1,249,11988,60.016462416999275,465,7.747874187737725,test_get_all_pods_labels,250-nodes-with-50-pods,3,memgraph
FLWzn,2025-04-16T00:44:23Z,1,249,11988,60.12785720800093,409,6.802171555609274,test_get_all_pods_annotations,250-nodes-with-50-pods,3,memgraph
FLWzn,2025-04-16T00:45:53Z,1,249,11988,60.06456433399944,452,7.525235636215981,test_get_all_pods_containers,250-nodes-with-50-pods,3,memgraph
FLWzn,2025-04-16T00:47:23Z,1,249,11988,60.08340041700285,452,7.522876482737979,test_get_all_pods_replicasets,250-nodes-with-50-pods,3,memgraph
FLWzn,2025-04-16T00:48:54Z,1,249,11988,60.01185229099792,401,6.682013380549362,test_get_all_pods_replicasets_labels,250-nodes-with-50-pods,4,memgraph
FLWzn,2025-04-16T00:50:26Z,1,249,11988,60.08656437500031,391,6.5072783585989145,test_get_all_pods_replicasets_annotations,250-nodes-with-50-pods,4,memgraph
FLWzn,2025-04-16T00:51:59Z,1,249,11988,60.098343666999426,373,6.206493843936299,test_get_all_pods_deployments,250-nodes-with-50-pods,4,memgraph
FLWzn,2025-04-16T00:53:15Z,1,249,11988,60.01079129199934,4761,79.33573108266509,test_get_all_pods_images,250-nodes-with-50-pods,4,memgraph
FLWzn,2025-04-16T00:54:49Z,1,249,11988,60.060164250000525,331,5.511140439480185,test_get_all_pods_deployments_annotations,250-nodes-with-50-pods,5,memgraph
FLWzn,2025-04-16T00:56:24Z,1,249,11988,60.04194216700125,342,5.696018277502713,test_get_all_pods_deployments_labels,250-nodes-with-50-pods,5,memgraph
FLWzn,2025-04-16T00:57:39Z,1,249,11988,60.00128095800028,8923,148.71349173771682,test_get_pods_for_specific_node,250-nodes-with-50-pods,1,memgraph
FLWzn,2025-04-16T00:58:54Z,1,249,11988,60.001880250001705,25523,425.3700033008428,get_labels_for_specific_node,250-nodes-with-50-pods,1,memgraph
FLWzn,2025-04-16T01:00:09Z,1,249,11988,60.00194470800125,26282,438.0191363446809,get_taint_for_specific_node,250-nodes-with-50-pods,1,memgraph
FLWzn,2025-04-16T01:01:24Z,1,249,11988,60.00070083299943,25196,419.92842833833373,get_annotation_for_specific_node,250-nodes-with-50-pods,1,memgraph
FLWzn,2025-04-16T01:02:40Z,1,249,11988,60.00689633300135,4894,81.55729256253001,get_pod_labels_for_specific_node,250-nodes-with-50-pods,2,memgraph
FLWzn,2025-04-16T01:03:57Z,1,249,11988,60.00474562499949,2185,36.413786563735954,get_pod_annotations_for_specific_node,250-nodes-with-50-pods,2,memgraph
FLWzn,2025-04-16T01:05:13Z,1,249,11988,60.0029902080023,7651,127.51031196074665,get_pod_container_for_specific_node,250-nodes-with-50-pods,2,memgraph
FLWzn,2025-04-16T01:06:29Z,1,249,11988,60.00345254199783,7644,127.3926695243042,get_pod_replicaset_for_specific_node,250-nodes-with-50-pods,2,memgraph
FLWzn,2025-04-16T01:07:44Z,1,249,11988,60.00706687500133,6731,112.17012179617305,get_pod_deployment_for_specific_node,250-nodes-with-50-pods,3,memgraph
FLWzn,2025-04-16T01:09:01Z,1,249,11988,60.01307570800054,4115,68.56839032916648,get_pod_replicaset_label_for_specific_node,250-nodes-with-50-pods,3,memgraph
FLWzn,2025-04-16T01:10:18Z,1,249,11988,60.018220375000965,2224,37.055413941036306,get_pod_replicaset_annotation_for_specific_node,250-nodes-with-50-pods,3,memgraph
FLWzn,2025-04-16T01:11:34Z,1,249,11988,60.000741291998565,6317,105.28203258786083,get_pod_deployment_label_for_specific_node,250-nodes-with-50-pods,4,memgraph
FLWzn,2025-04-16T01:12:51Z,1,249,11988,60.00835124999867,2402,40.027761969215135,get_pod_deployment_annotation_for_specific_node,250-nodes-with-50-pods,4,memgraph
FLWzn,2025-04-16T01:14:06Z,1,249,11988,60.00187229099902,12396,206.59355327916234,get_pod_labels_for_specific_pod,250-nodes-with-50-pods,1,memgraph
FLWzn,2025-04-16T01:15:22Z,1,249,11988,60.00370162499894,11499,191.63817712221356,get_pod_annotations_for_specific_pod,250-nodes-with-50-pods,1,memgraph
FLWzn,2025-04-16T01:16:37Z,1,249,11988,60.0001724169997,12947,215.7827132565332,get_pod_container_for_specific_pod,250-nodes-with-50-pods,1,memgraph
FLWzn,2025-04-16T01:17:52Z,1,249,11988,60.00414287500098,12752,212.51865936264807,get_pod_replicaset_for_specific_pod,250-nodes-with-50-pods,1,memgraph
FLWzn,2025-04-16T01:19:08Z,1,249,11988,60.00154204199862,12425,207.0780112834935,get_pod_deployment_for_specific_pod,250-nodes-with-50-pods,2,memgraph
FLWzn,2025-04-16T01:20:23Z,1,249,11988,60.00120620800226,11945,199.07933114862806,get_pod_replicaset_label_for_specific_pod,250-nodes-with-50-pods,2,memgraph
FLWzn,2025-04-16T01:21:38Z,1,249,11988,60.00299858300059,11285,188.073934078307,get_pod_replicaset_annotation_for_specific_pod,250-nodes-with-50-pods,2,memgraph
FLWzn,2025-04-16T01:22:54Z,1,249,11988,60.00231133299894,12140,202.32553930507459,get_pod_deployment_label_for_specific_pod,250-nodes-with-50-pods,3,memgraph
FLWzn,2025-04-16T01:24:09Z,1,249,11988,60.00160941700233,11362,189.36158730403008,get_pod_deployment_annotation_for_specific_pod,250-nodes-with-50-pods,3,memgraph
FLWzn,2025-04-16T01:25:25Z,1,249,11988,60.00364758299838,9714,161.8901582035222,get_pods_for_replicaset,250-nodes-with-50-pods,1,memgraph
FLWzn,2025-04-16T01:26:40Z,1,249,11988,60.00155833300232,24753,412.53928544027906,get_deployment_for_replicaset,250-nodes-with-50-pods,1,memgraph
FLWzn,2025-04-16T01:27:55Z,1,249,11988,60.00613874999908,5738,95.62354984889089,get_pod_labels_for_replicaset,250-nodes-with-50-pods,2,memgraph
FLWzn,2025-04-16T01:29:12Z,1,249,11988,60.00908074999825,2637,43.94334935717337,get_pod_annotations_for_replicaset,250-nodes-with-50-pods,2,memgraph
FLWzn,2025-04-16T01:30:28Z,1,249,11988,60.00378783300039,8034,133.89154735297438,get_pod_container_for_replicaset,250-nodes-with-50-pods,2,memgraph
FLWzn,2025-04-16T01:31:43Z,1,249,11988,60.00029566699959,24845,414.0812928304427,get_deployment_label_for_replicaset,250-nodes-with-50-pods,3,memgraph
FLWzn,2025-04-16T01:32:58Z,1,249,11988,60.0012898749992,22268,371.1253549113855,get_deployment_annotation_for_replicaset,250-nodes-with-50-pods,3,memgraph
JoyYn,2025-04-16T03:27:15Z,1,499,24489,60.01268745800189,1626,27.094270709637993,test_get_all_nodes,500-nodes-with-50-pods,1,neo4j
JoyYn,2025-04-16T03:28:41Z,1,499,24489,60.001850249998824,720,11.9996299614113,test_get_all_node_annotations,500-nodes-with-50-pods,1,neo4j
JoyYn,2025-04-16T03:30:06Z,1,499,24489,60.02780237499974,735,12.244326310804798,test_get_all_node_labels,500-nodes-with-50-pods,1,neo4j
JoyYn,2025-04-16T03:31:25Z,1,499,24489,60.016231999998126,1393,23.21038748317361,test_get_all_node_taint,500-nodes-with-50-pods,1,neo4j
JoyYn,2025-04-16T03:32:53Z,1,499,24489,60.01180987499902,520,8.664961131536087,test_get_all_nodes_pods,500-nodes-with-50-pods,2,neo4j
JoyYn,2025-04-16T03:34:24Z,1,499,24489,60.08713841699864,483,8.038325883453277,test_get_all_pods_labels,500-nodes-with-50-pods,3,neo4j
JoyYn,2025-04-16T03:35:53Z,1,499,24489,60.00506775000031,487,8.115981170607002,test_get_all_pods_annotations,500-nodes-with-50-pods,3,neo4j
JoyYn,2025-04-16T03:37:24Z,1,499,24489,60.0404830410007,437,7.278422455421945,test_get_all_pods_containers,500-nodes-with-50-pods,3,neo4j
JoyYn,2025-04-16T03:38:56Z,1,499,24489,60.18695908299924,435,7.227479285007982,test_get_all_pods_replicasets,500-nodes-with-50-pods,3,neo4j
JoyYn,2025-04-16T03:40:28Z,1,499,24489,60.01501116699728,404,6.731649168169492,test_get_all_pods_replicasets_labels,500-nodes-with-50-pods,4,neo4j
JoyYn,2025-04-16T03:42:00Z,1,499,24489,60.084197208998376,406,6.757184398882113,test_get_all_pods_replicasets_annotations,500-nodes-with-50-pods,4,neo4j
JoyYn,2025-04-16T03:43:34Z,1,499,24489,60.00232620799943,358,5.966435347172789,test_get_all_pods_deployments,500-nodes-with-50-pods,4,neo4j
JoyYn,2025-04-16T03:44:53Z,1,499,24489,60.00770229200134,2234,37.22855424674007,test_get_all_pods_images,500-nodes-with-50-pods,4,neo4j
JoyYn,2025-04-16T03:46:29Z,1,499,24489,60.14141904200005,343,5.703224258151679,test_get_all_pods_deployments_annotations,500-nodes-with-50-pods,5,neo4j
JoyYn,2025-04-16T03:48:04Z,1,499,24489,60.160596833000454,333,5.535184448458404,test_get_all_pods_deployments_labels,500-nodes-with-50-pods,5,neo4j
JoyYn,2025-04-16T03:49:20Z,1,499,24489,60.00364083299792,8252,137.52498824141287,test_get_pods_for_specific_node,500-nodes-with-50-pods,1,neo4j
JoyYn,2025-04-16T03:50:35Z,1,499,24489,60.0006470829976,20584,343.0629668297843,get_labels_for_specific_node,500-nodes-with-50-pods,1,neo4j
JoyYn,2025-04-16T03:51:51Z,1,499,24489,60.00084025000251,25160,419.327461001664,get_taint_for_specific_node,500-nodes-with-50-pods,1,neo4j
JoyYn,2025-04-16T03:53:06Z,1,499,24489,60.0006282500035,20271,337.8464624659795,get_annotation_for_specific_node,500-nodes-with-50-pods,1,neo4j
JoyYn,2025-04-16T03:54:23Z,1,499,24489,60.00421479099896,4337,72.27825603761721,get_pod_labels_for_specific_node,500-nodes-with-50-pods,2,neo4j
JoyYn,2025-04-16T03:55:41Z,1,499,24489,60.01542191699991,1941,32.3416871530848,get_pod_annotations_for_specific_node,500-nodes-with-50-pods,2,neo4j
JoyYn,2025-04-16T03:56:57Z,1,499,24489,60.0044360000029,6795,113.24162766898887,get_pod_container_for_specific_node,500-nodes-with-50-pods,2,neo4j
JoyYn,2025-04-16T03:58:13Z,1,499,24489,60.00061566600198,6955,115.91547724635927,get_pod_replicaset_for_specific_node,500-nodes-with-50-pods,2,neo4j
JoyYn,2025-04-16T03:59:29Z,1,499,24489,60.00215108299744,5914,98.56313304200565,get_pod_deployment_for_specific_node,500-nodes-with-50-pods,3,neo4j
JoyYn,2025-04-16T04:00:45Z,1,499,24489,60.0126972079961,3633,60.53718911197244,get_pod_replicaset_label_for_specific_node,500-nodes-with-50-pods,3,neo4j
JoyYn,2025-04-16T04:02:03Z,1,499,24489,60.006255292006244,1991,33.17987416997227,get_pod_replicaset_annotation_for_specific_node,500-nodes-with-50-pods,3,neo4j
JoyYn,2025-04-16T04:03:19Z,1,499,24489,60.01779112499935,5431,90.48983473398462,get_pod_deployment_label_for_specific_node,500-nodes-with-50-pods,4,neo4j
JoyYn,2025-04-16T04:04:37Z,1,499,24489,60.02885750000132,2184,36.382501532699536,get_pod_deployment_annotation_for_specific_node,500-nodes-with-50-pods,4,neo4j
JoyYn,2025-04-16T04:05:55Z,1,499,24489,60.01130837499659,2623,43.70842881160811,get_pod_labels_for_specific_pod,500-nodes-with-50-pods,1,neo4j
JoyYn,2025-04-16T04:07:12Z,1,499,24489,60.013108125000144,2562,42.69067342194075,get_pod_annotations_for_specific_pod,500-nodes-with-50-pods,1,neo4j
JoyYn,2025-04-16T04:08:30Z,1,499,24489,60.03781112500292,2386,39.74162207599776,get_pod_container_for_specific_pod,500-nodes-with-50-pods,1,neo4j
JoyYn,2025-04-16T04:09:48Z,1,499,24489,60.01309745800245,2396,39.924618149841976,get_pod_replicaset_for_specific_pod,500-nodes-with-50-pods,1,neo4j
JoyYn,2025-04-16T04:11:06Z,1,499,24489,60.020673874998465,2260,37.653692537787386,get_pod_deployment_for_specific_pod,500-nodes-with-50-pods,2,neo4j
JoyYn,2025-04-16T04:12:24Z,1,499,24489,60.005353124994144,2327,38.77987344150351,get_pod_replicaset_label_for_specific_pod,500-nodes-with-50-pods,2,neo4j
JoyYn,2025-04-16T04:13:42Z,1,499,24489,60.00051245800569,2296,38.266339835130054,get_pod_replicaset_annotation_for_specific_pod,500-nodes-with-50-pods,2,neo4j
JoyYn,2025-04-16T04:14:59Z,1,499,24489,60.020622916999855,2266,37.75369014636122,get_pod_deployment_label_for_specific_pod,500-nodes-with-50-pods,3,neo4j
JoyYn,2025-04-16T04:16:17Z,1,499,24489,60.02784141700249,2235,37.23272313715,get_pod_deployment_annotation_for_specific_pod,500-nodes-with-50-pods,3,neo4j
JoyYn,2025-04-16T04:17:33Z,1,499,24489,60.00338058300258,9839,163.9740945327193,get_pods_for_replicaset,500-nodes-with-50-pods,1,neo4j
JoyYn,2025-04-16T04:18:48Z,1,499,24489,60.00536729099986,29495,491.5393627533703,get_deployment_for_replicaset,500-nodes-with-50-pods,1,neo4j
JoyYn,2025-04-16T04:20:05Z,1,499,24489,60.004944332999,5200,86.65952544081142,get_pod_labels_for_replicaset,500-nodes-with-50-pods,2,neo4j
JoyYn,2025-04-16T04:21:22Z,1,499,24489,60.01105854200432,2367,39.4427303484946,get_pod_annotations_for_replicaset,500-nodes-with-50-pods,2,neo4j
JoyYn,2025-04-16T04:22:38Z,1,499,24489,60.004071958996064,7975,132.9076467585356,get_pod_container_for_replicaset,500-nodes-with-50-pods,2,neo4j
JoyYn,2025-04-16T04:23:53Z,1,499,24489,60.00131075000536,28978,482.95611608780416,get_deployment_label_for_replicaset,500-nodes-with-50-pods,3,neo4j
JoyYn,2025-04-16T04:25:09Z,1,499,24489,60.001475167002354,26174,436.2226083133756,get_deployment_annotation_for_replicaset,500-nodes-with-50-pods,3,neo4j
gKeVS,2025-04-16T05:34:10Z,1,499,24491,60.01696208299836,1743,29.0417898458369,test_get_all_nodes,500-nodes-with-50-pods,1,memgraph
gKeVS,2025-04-16T05:35:34Z,1,499,24491,60.06403420800052,750,12.486673762251222,test_get_all_node_annotations,500-nodes-with-50-pods,1,memgraph
gKeVS,2025-04-16T05:36:59Z,1,499,24491,60.06342412500089,756,12.586694998051591,test_get_all_node_labels,500-nodes-with-50-pods,1,memgraph
gKeVS,2025-04-16T05:38:18Z,1,499,24491,60.02295554099692,1491,24.840496216178764,test_get_all_node_taint,500-nodes-with-50-pods,1,memgraph
gKeVS,2025-04-16T05:39:47Z,1,499,24491,60.142623457999434,491,8.163927207846022,test_get_all_nodes_pods,500-nodes-with-50-pods,2,memgraph
gKeVS,2025-04-16T05:41:21Z,1,499,24491,60.13751420799963,391,6.50176524835455,test_get_all_pods_labels,500-nodes-with-50-pods,3,memgraph
gKeVS,2025-04-16T05:42:59Z,1,499,24491,60.0144092920018,309,5.148763499388152,test_get_all_pods_annotations,500-nodes-with-50-pods,3,memgraph
gKeVS,2025-04-16T05:44:32Z,1,499,24491,60.04031779100478,402,6.695500869920903,test_get_all_pods_containers,500-nodes-with-50-pods,3,memgraph
gKeVS,2025-04-16T05:46:04Z,1,499,24491,60.03741741699923,398,6.62919920814763,test_get_all_pods_replicasets,500-nodes-with-50-pods,3,memgraph
gKeVS,2025-04-16T05:47:39Z,1,499,24491,60.117311832997075,348,5.788681985094856,test_get_all_pods_replicasets_labels,500-nodes-with-50-pods,4,memgraph
gKeVS,2025-04-16T05:49:16Z,1,499,24491,60.20253099999536,325,5.398444128537138,test_get_all_pods_replicasets_annotations,500-nodes-with-50-pods,4,memgraph
gKeVS,2025-04-16T05:50:53Z,1,499,24491,60.04808312500245,328,5.46228926770569,test_get_all_pods_deployments,500-nodes-with-50-pods,4,memgraph
gKeVS,2025-04-16T05:52:10Z,1,499,24491,60.006404874999134,2452,40.86230470077025,test_get_all_pods_images,500-nodes-with-50-pods,4,memgraph
gKeVS,2025-04-16T05:53:50Z,1,499,24491,60.14462099999946,281,4.672072004577143,test_get_all_pods_deployments_annotations,500-nodes-with-50-pods,5,memgraph
gKeVS,2025-04-16T05:55:28Z,1,499,24491,60.121601416001795,298,4.95662113086504,test_get_all_pods_deployments_labels,500-nodes-with-50-pods,5,memgraph
gKeVS,2025-04-16T05:56:44Z,1,499,24491,60.00357841699588,6875,114.57649995842034,test_get_pods_for_specific_node,500-nodes-with-50-pods,1,memgraph
gKeVS,2025-04-16T05:57:59Z,1,499,24491,60.0029093330013,13980,232.98870263797477,get_labels_for_specific_node,500-nodes-with-50-pods,1,memgraph
gKeVS,2025-04-16T05:59:15Z,1,499,24491,60.001713207995635,15759,262.6425006461317,get_taint_for_specific_node,500-nodes-with-50-pods,1,memgraph
gKeVS,2025-04-16T06:00:30Z,1,499,24491,60.002847374998964,14341,239.00532437024614,get_annotation_for_specific_node,500-nodes-with-50-pods,1,memgraph
gKeVS,2025-04-16T06:01:46Z,1,499,24491,60.0150686670022,4509,75.13113123336576,get_pod_labels_for_specific_node,500-nodes-with-50-pods,2,memgraph
gKeVS,2025-04-16T06:03:04Z,1,499,24491,60.01664162500674,2051,34.173854858706775,get_pod_annotations_for_specific_node,500-nodes-with-50-pods,2,memgraph
gKeVS,2025-04-16T06:04:20Z,1,499,24491,60.014803541998845,5944,99.04223040304282,get_pod_container_for_specific_node,500-nodes-with-50-pods,2,memgraph
gKeVS,2025-04-16T06:05:36Z,1,499,24491,60.00067541700264,5853,97.5489018968845,get_pod_replicaset_for_specific_node,500-nodes-with-50-pods,2,memgraph
gKeVS,2025-04-16T06:06:52Z,1,499,24491,60.00625554200087,6193,103.20590651861724,get_pod_deployment_for_specific_node,500-nodes-with-50-pods,3,memgraph
gKeVS,2025-04-16T06:08:08Z,1,499,24491,60.00677249999717,3825,63.742805030885144,get_pod_replicaset_label_for_specific_node,500-nodes-with-50-pods,3,memgraph
gKeVS,2025-04-16T06:09:26Z,1,499,24491,60.01236070899904,2122,35.359382216100684,get_pod_replicaset_annotation_for_specific_node,500-nodes-with-50-pods,3,memgraph
gKeVS,2025-04-16T06:10:42Z,1,499,24491,60.00204700000177,5821,97.01335689430444,get_pod_deployment_label_for_specific_node,500-nodes-with-50-pods,4,memgraph
gKeVS,2025-04-16T06:11:59Z,1,499,24491,60.023043832996336,2255,37.56890447399077,get_pod_deployment_annotation_for_specific_node,500-nodes-with-50-pods,4,memgraph
gKeVS,2025-04-16T06:13:15Z,1,499,24491,60.000514499995916,6986,116.43233492606927,get_pod_labels_for_specific_pod,500-nodes-with-50-pods,1,memgraph
gKeVS,2025-04-16T06:14:31Z,1,499,24491,60.00244591599767,6666,111.09547116349688,get_pod_annotations_for_specific_pod,500-nodes-with-50-pods,1,memgraph
gKeVS,2025-04-16T06:15:47Z,1,499,24491,60.00274883299426,7124,118.72789394746297,get_pod_container_for_specific_pod,500-nodes-with-50-pods,1,memgraph
gKeVS,2025-04-16T06:17:03Z,1,499,24491,60.01326133299881,7128,118.77374836285739,get_pod_replicaset_for_specific_pod,500-nodes-with-50-pods,1,memgraph
gKeVS,2025-04-16T06:18:19Z,1,499,24491,60.00124741699983,6687,111.4476829710945,get_pod_deployment_for_specific_pod,500-nodes-with-50-pods,2,memgraph
gKeVS,2025-04-16T06:19:35Z,1,499,24491,60.002269707998494,6754,112.56240860334772,get_pod_replicaset_label_for_specific_pod,500-nodes-with-50-pods,2,memgraph
gKeVS,2025-04-16T06:20:51Z,1,499,24491,60.001515874995675,6428,107.13062672269467,get_pod_replicaset_annotation_for_specific_pod,500-nodes-with-50-pods,2,memgraph
gKeVS,2025-04-16T06:22:07Z,1,499,24491,60.00568237499829,6629,110.47287086201041,get_pod_deployment_label_for_specific_pod,500-nodes-with-50-pods,3,memgraph
gKeVS,2025-04-16T06:23:23Z,1,499,24491,60.00047408299724,6334,105.56583255056164,get_pod_deployment_annotation_for_specific_pod,500-nodes-with-50-pods,3,memgraph
gKeVS,2025-04-16T06:24:39Z,1,499,24491,60.00589458399918,7730,128.8206775949181,get_pods_for_replicaset,500-nodes-with-50-pods,1,memgraph
gKeVS,2025-04-16T06:25:54Z,1,499,24491,60.00381308400392,15611,260.1667993689829,get_deployment_for_replicaset,500-nodes-with-50-pods,1,memgraph
gKeVS,2025-04-16T06:27:11Z,1,499,24491,60.00482524999825,5335,88.90951648926193,get_pod_labels_for_replicaset,500-nodes-with-50-pods,2,memgraph
gKeVS,2025-04-16T06:28:28Z,1,499,24491,60.046373457997106,2437,40.58529865595796,get_pod_annotations_for_replicaset,500-nodes-with-50-pods,2,memgraph
gKeVS,2025-04-16T06:29:44Z,1,499,24491,60.00153295900236,6454,107.56391848204723,get_pod_container_for_replicaset,500-nodes-with-50-pods,2,memgraph
gKeVS,2025-04-16T06:31:00Z,1,499,24491,60.00327516700054,15272,254.5194401054795,get_deployment_label_for_replicaset,500-nodes-with-50-pods,3,memgraph
gKeVS,2025-04-16T06:32:15Z,1,499,24491,60.00158708300296,14003,233.37716018459653,get_deployment_annotation_for_replicaset,500-nodes-with-50-pods,3,memgraph
qBKvq,2025-04-16T10:46:49Z,1,749,37015,60.003650416998425,1090,18.165561468760476,test_get_all_nodes,750-nodes-with-50-pods,1,neo4j
qBKvq,2025-04-16T10:48:15Z,1,749,37015,60.01437504200294,703,11.71386021279041,test_get_all_node_annotations,750-nodes-with-50-pods,1,neo4j
qBKvq,2025-04-16T10:49:39Z,1,749,37015,60.07207804200152,715,11.902368343243968,test_get_all_node_labels,750-nodes-with-50-pods,1,neo4j
qBKvq,2025-04-16T10:51:01Z,1,749,37015,60.04470120800397,920,15.321918195795165,test_get_all_node_taint,750-nodes-with-50-pods,1,neo4j
qBKvq,2025-04-16T10:52:29Z,1,749,37015,60.06419575000473,516,8.590808443480396,test_get_all_nodes_pods,750-nodes-with-50-pods,2,neo4j
qBKvq,2025-04-16T10:53:57Z,1,749,37015,60.00859012500587,461,7.68223347756839,test_get_all_pods_labels,750-nodes-with-50-pods,3,neo4j
qBKvq,2025-04-16T10:55:26Z,1,749,37015,60.10945341600018,473,7.868978556941842,test_get_all_pods_annotations,750-nodes-with-50-pods,3,neo4j
qBKvq,2025-04-16T10:56:56Z,1,749,37015,60.11293129200203,425,7.070026213420503,test_get_all_pods_containers,750-nodes-with-50-pods,3,neo4j
qBKvq,2025-04-16T10:58:25Z,1,749,37015,60.12013116599701,416,6.919479248163766,test_get_all_pods_replicasets,750-nodes-with-50-pods,3,neo4j
qBKvq,2025-04-16T10:59:56Z,1,749,37015,60.07291791700118,388,6.45881727496697,test_get_all_pods_replicasets_labels,750-nodes-with-50-pods,4,neo4j
qBKvq,2025-04-16T11:01:27Z,1,749,37015,60.12795100000221,395,6.569324140115559,test_get_all_pods_replicasets_annotations,750-nodes-with-50-pods,4,neo4j
qBKvq,2025-04-16T11:03:01Z,1,749,37015,60.135113709002326,352,5.853485231662662,test_get_all_pods_deployments,750-nodes-with-50-pods,4,neo4j
qBKvq,2025-04-16T11:04:23Z,1,749,37015,60.00734150000062,1602,26.696733432191518,test_get_all_pods_images,750-nodes-with-50-pods,4,neo4j
qBKvq,2025-04-16T11:05:57Z,1,749,37015,60.03191966700251,327,5.447102171875751,test_get_all_pods_deployments_annotations,750-nodes-with-50-pods,5,neo4j
qBKvq,2025-04-16T11:07:31Z,1,749,37015,60.068213457998354,322,5.360572280464989,test_get_all_pods_deployments_labels,750-nodes-with-50-pods,5,neo4j
qBKvq,2025-04-16T11:08:47Z,1,749,37015,60.001170290997834,7948,132.46408297460263,test_get_pods_for_specific_node,750-nodes-with-50-pods,1,neo4j
qBKvq,2025-04-16T11:10:03Z,1,749,37015,60.00023270800011,16871,281.1822427773769,get_labels_for_specific_node,750-nodes-with-50-pods,1,neo4j
qBKvq,2025-04-16T11:11:18Z,1,749,37015,60.00066924999555,20613,343.5461680288096,get_taint_for_specific_node,750-nodes-with-50-pods,1,neo4j
qBKvq,2025-04-16T11:12:34Z,1,749,37015,60.00087037499907,15897,264.9461566248196,get_annotation_for_specific_node,750-nodes-with-50-pods,1,neo4j
qBKvq,2025-04-16T11:13:52Z,1,749,37015,60.004758041999594,4130,68.82787523464818,get_pod_labels_for_specific_node,750-nodes-with-50-pods,2,neo4j
qBKvq,2025-04-16T11:15:10Z,1,749,37015,60.02553341699968,1913,31.869770930818987,get_pod_annotations_for_specific_node,750-nodes-with-50-pods,2,neo4j
qBKvq,2025-04-16T11:16:27Z,1,749,37015,60.00291512500553,6644,110.7279535695623,get_pod_container_for_specific_node,750-nodes-with-50-pods,2,neo4j
qBKvq,2025-04-16T11:17:43Z,1,749,37015,60.006268040997384,6476,107.92205900182758,get_pod_replicaset_for_specific_node,750-nodes-with-50-pods,2,neo4j
qBKvq,2025-04-16T11:19:00Z,1,749,37015,60.00722329099517,5728,95.45517499156735,get_pod_deployment_for_specific_node,750-nodes-with-50-pods,3,neo4j
qBKvq,2025-04-16T11:20:17Z,1,749,37015,60.00507016600022,3528,58.795031657158496,get_pod_replicaset_label_for_specific_node,750-nodes-with-50-pods,3,neo4j
qBKvq,2025-04-16T11:21:35Z,1,749,37015,60.01510208300169,1986,33.091670780686755,get_pod_replicaset_annotation_for_specific_node,750-nodes-with-50-pods,3,neo4j
qBKvq,2025-04-16T11:22:52Z,1,749,37015,60.01431800000137,4985,83.06351161067741,get_pod_deployment_label_for_specific_node,750-nodes-with-50-pods,4,neo4j
qBKvq,2025-04-16T11:24:10Z,1,749,37015,60.004955167001754,2094,34.89711798254194,get_pod_deployment_annotation_for_specific_node,750-nodes-with-50-pods,4,neo4j
qBKvq,2025-04-16T11:25:30Z,1,749,37015,60.02375037500315,1820,30.321330950322256,get_pod_labels_for_specific_pod,750-nodes-with-50-pods,1,neo4j
qBKvq,2025-04-16T11:26:49Z,1,749,37015,60.00100733400177,1761,29.349507254056796,get_pod_annotations_for_specific_pod,750-nodes-with-50-pods,1,neo4j
qBKvq,2025-04-16T11:28:11Z,1,749,37015,60.018598666996695,1549,25.80866655341907,get_pod_container_for_specific_pod,750-nodes-with-50-pods,1,neo4j
qBKvq,2025-04-16T11:29:31Z,1,749,37015,60.00749454199831,1613,26.879975781543195,get_pod_replicaset_for_specific_pod,750-nodes-with-50-pods,1,neo4j
qBKvq,2025-04-16T11:30:51Z,1,749,37015,60.00078679100261,1501,25.016338622830887,get_pod_deployment_for_specific_pod,750-nodes-with-50-pods,2,neo4j
qBKvq,2025-04-16T11:32:12Z,1,749,37015,60.027501707998454,1543,25.704884529525582,get_pod_replicaset_label_for_specific_pod,750-nodes-with-50-pods,2,neo4j
qBKvq,2025-04-16T11:33:32Z,1,749,37015,60.00925791700138,1593,26.545904003733447,get_pod_replicaset_annotation_for_specific_pod,750-nodes-with-50-pods,2,neo4j
qBKvq,2025-04-16T11:34:52Z,1,749,37015,60.09020900000178,1526,25.395152145334606,get_pod_deployment_label_for_specific_pod,750-nodes-with-50-pods,3,neo4j
qBKvq,2025-04-16T11:36:13Z,1,749,37015,60.021847582997,1523,25.374093956271945,get_pod_deployment_annotation_for_specific_pod,750-nodes-with-50-pods,3,neo4j
qBKvq,2025-04-16T11:37:29Z,1,749,37015,60.00017320900224,9156,152.5995594730427,get_pods_for_replicaset,750-nodes-with-50-pods,1,neo4j
qBKvq,2025-04-16T11:38:44Z,1,749,37015,60.000276667000435,24732,412.1980993064713,get_deployment_for_replicaset,750-nodes-with-50-pods,1,neo4j
qBKvq,2025-04-16T11:40:01Z,1,749,37015,60.004461500000616,5038,83.96042350950768,get_pod_labels_for_replicaset,750-nodes-with-50-pods,2,neo4j
qBKvq,2025-04-16T11:41:19Z,1,749,37015,60.011334499999066,2313,38.54271895919988,get_pod_annotations_for_replicaset,750-nodes-with-50-pods,2,neo4j
qBKvq,2025-04-16T11:42:35Z,1,749,37015,60.002733332999924,7364,122.72774240352804,get_pod_container_for_replicaset,750-nodes-with-50-pods,2,neo4j
qBKvq,2025-04-16T11:43:51Z,1,749,37015,60.00131279099878,25685,428.0739671391521,get_deployment_label_for_replicaset,750-nodes-with-50-pods,3,neo4j
qBKvq,2025-04-16T11:45:07Z,1,749,37015,60.00220837500092,20896,348.2538487484408,get_deployment_annotation_for_replicaset,750-nodes-with-50-pods,3,neo4j
K145q,2025-04-16T14:16:56Z,1,749,36992,60.03680479199102,1165,19.404763528578265,test_get_all_nodes,750-nodes-with-50-pods,1,memgraph
K145q,2025-04-16T14:18:19Z,1,749,36992,60.04325083299773,722,12.024665386758397,test_get_all_node_annotations,750-nodes-with-50-pods,1,memgraph
K145q,2025-04-16T14:19:43Z,1,749,36992,60.025895124999806,755,12.57790489300933,test_get_all_node_labels,750-nodes-with-50-pods,1,memgraph
K145q,2025-04-16T14:21:04Z,1,749,36992,60.005512707997696,986,16.431823602576824,test_get_all_node_taint,750-nodes-with-50-pods,1,memgraph
K145q,2025-04-16T14:22:35Z,1,749,36992,60.07681445799244,427,7.107567267877886,test_get_all_nodes_pods,750-nodes-with-50-pods,2,memgraph
K145q,2025-04-16T14:24:09Z,1,749,36992,60.1679949160025,348,5.783805833746417,test_get_all_pods_labels,750-nodes-with-50-pods,3,memgraph
K145q,2025-04-16T14:25:48Z,1,749,36992,60.00673191600072,248,4.132869631146686,test_get_all_pods_annotations,750-nodes-with-50-pods,3,memgraph
K145q,2025-04-16T14:27:21Z,1,749,36992,60.171139541998855,347,5.766884301032682,test_get_all_pods_containers,750-nodes-with-50-pods,3,memgraph
K145q,2025-04-16T14:28:56Z,1,749,36992,60.153382333010086,364,6.051197553362671,test_get_all_pods_replicasets,750-nodes-with-50-pods,3,memgraph
K145q,2025-04-16T14:30:31Z,1,749,36992,60.14751929200429,307,5.104117403571972,test_get_all_pods_replicasets_labels,750-nodes-with-50-pods,4,memgraph
K145q,2025-04-16T14:32:10Z,1,749,36992,60.16360087500652,279,4.63735540995359,test_get_all_pods_replicasets_annotations,750-nodes-with-50-pods,4,memgraph
K145q,2025-04-16T14:33:46Z,1,749,36992,60.121488207994844,294,4.890098511581828,test_get_all_pods_deployments,750-nodes-with-50-pods,4,memgraph
K145q,2025-04-16T14:35:06Z,1,749,36992,60.01080649999494,1621,27.011801616099536,test_get_all_pods_images,750-nodes-with-50-pods,4,memgraph
K145q,2025-04-16T14:36:46Z,1,749,36992,60.010205333004706,241,4.015983592501618,test_get_all_pods_deployments_annotations,750-nodes-with-50-pods,5,memgraph
K145q,2025-04-16T14:38:27Z,1,749,36992,60.091855917009525,259,4.310068245482293,test_get_all_pods_deployments_labels,750-nodes-with-50-pods,5,memgraph
K145q,2025-04-16T14:39:43Z,1,749,36992,60.0077401669987,5744,95.72098505983928,test_get_pods_for_specific_node,750-nodes-with-50-pods,1,memgraph
K145q,2025-04-16T14:40:59Z,1,749,36992,60.00051183400501,9170,152.83202958950335,get_labels_for_specific_node,750-nodes-with-50-pods,1,memgraph
K145q,2025-04-16T14:42:14Z,1,749,36992,60.00853587500751,10944,182.37405463108428,get_taint_for_specific_node,750-nodes-with-50-pods,1,memgraph
K145q,2025-04-16T14:43:30Z,1,749,36992,60.00509108399274,9398,156.62004390335903,get_annotation_for_specific_node,750-nodes-with-50-pods,1,memgraph
K145q,2025-04-16T14:44:47Z,1,749,36992,60.00104825000744,4371,72.84872727201825,get_pod_labels_for_specific_node,750-nodes-with-50-pods,2,memgraph
K145q,2025-04-16T14:46:05Z,1,749,36992,60.01272358300048,1947,32.44312012113907,get_pod_annotations_for_specific_node,750-nodes-with-50-pods,2,memgraph
K145q,2025-04-16T14:47:22Z,1,749,36992,60.02572191700165,4861,80.98194981680301,get_pod_container_for_specific_node,750-nodes-with-50-pods,2,memgraph
K145q,2025-04-16T14:48:38Z,1,749,36992,60.03224808401137,5015,83.53843409265336,get_pod_replicaset_for_specific_node,750-nodes-with-50-pods,2,memgraph
K145q,2025-04-16T14:49:55Z,1,749,36992,60.01578358399274,5831,97.15777503495313,get_pod_deployment_for_specific_node,750-nodes-with-50-pods,3,memgraph
K145q,2025-04-16T14:51:12Z,1,749,36992,60.006395167001756,3731,62.17670615967483,get_pod_replicaset_label_for_specific_node,750-nodes-with-50-pods,3,memgraph
K145q,2025-04-16T14:52:30Z,1,749,36992,60.022904249999556,2017,33.60383882124489,get_pod_replicaset_annotation_for_specific_node,750-nodes-with-50-pods,3,memgraph
K145q,2025-04-16T14:53:46Z,1,749,36992,60.001547708990984,5484,91.3976423841188,get_pod_deployment_label_for_specific_node,750-nodes-with-50-pods,4,memgraph
K145q,2025-04-16T14:55:04Z,1,749,36992,60.009674000000814,2126,35.427621219871504,get_pod_deployment_annotation_for_specific_node,750-nodes-with-50-pods,4,memgraph
K145q,2025-04-16T14:56:21Z,1,749,36992,60.00798704200133,4528,75.45662207983617,get_pod_labels_for_specific_pod,750-nodes-with-50-pods,1,memgraph
K145q,2025-04-16T14:57:38Z,1,749,36992,60.018324707998545,4340,72.31124862473236,get_pod_annotations_for_specific_pod,750-nodes-with-50-pods,1,memgraph
K145q,2025-04-16T14:58:55Z,1,749,36992,60.01605908399506,4416,73.58030612805845,get_pod_container_for_specific_pod,750-nodes-with-50-pods,1,memgraph
K145q,2025-04-16T15:00:12Z,1,749,36992,60.00809749998734,4660,77.65618631720466,get_pod_replicaset_for_specific_pod,750-nodes-with-50-pods,1,memgraph
K145q,2025-04-16T15:01:29Z,1,749,36992,60.00677920800808,4468,74.45825386681864,get_pod_deployment_for_specific_pod,750-nodes-with-50-pods,2,memgraph
K145q,2025-04-16T15:02:46Z,1,749,36992,60.00752349999675,4338,72.29093531913935,get_pod_replicaset_label_for_specific_pod,750-nodes-with-50-pods,2,memgraph
K145q,2025-04-16T15:04:03Z,1,749,36992,60.00803154199093,4220,70.32391984141378,get_pod_replicaset_annotation_for_specific_pod,750-nodes-with-50-pods,2,memgraph
K145q,2025-04-16T15:05:19Z,1,749,36992,60.011719125002855,4677,77.93477787659991,get_pod_deployment_label_for_specific_pod,750-nodes-with-50-pods,3,memgraph
K145q,2025-04-16T15:06:36Z,1,749,36992,60.00035066698911,4207,70.1162568757219,get_pod_deployment_annotation_for_specific_pod,750-nodes-with-50-pods,3,memgraph
K145q,2025-04-16T15:07:52Z,1,749,36992,60.00583487498807,6399,106.63962951821645,get_pods_for_replicaset,750-nodes-with-50-pods,1,memgraph
K145q,2025-04-16T15:09:08Z,1,749,36992,60.00340324999706,10845,180.73974829086933,get_deployment_for_replicaset,750-nodes-with-50-pods,1,memgraph
K145q,2025-04-16T15:10:25Z,1,749,36992,60.004332082986366,5287,88.11030498078115,get_pod_labels_for_replicaset,750-nodes-with-50-pods,2,memgraph
K145q,2025-04-16T15:11:43Z,1,749,36992,60.00624762500229,2481,41.345694793391196,get_pod_annotations_for_replicaset,750-nodes-with-50-pods,2,memgraph
K145q,2025-04-16T15:13:00Z,1,749,36992,60.000880082996446,5494,91.56532358192753,get_pod_container_for_replicaset,750-nodes-with-50-pods,2,memgraph
K145q,2025-04-16T15:14:15Z,1,749,36992,60.00189791699813,10913,181.87758019081627,get_deployment_label_for_replicaset,750-nodes-with-50-pods,3,memgraph
K145q,2025-04-16T15:15:31Z,1,749,36992,60.00262462499086,10379,172.97576672466403,get_deployment_annotation_for_replicaset,750-nodes-with-50-pods,3,memgraph
zYJkX,2025-04-17T06:00:36Z,1,999,49504,60.004470208001294,751,12.515734201080537,test_get_all_nodes,1000-nodes-with-50-pods,1,neo4j
zYJkX,2025-04-17T06:02:01Z,1,999,49504,60.06048179199934,636,10.589325643483626,test_get_all_node_annotations,1000-nodes-with-50-pods,1,neo4j
zYJkX,2025-04-17T06:03:25Z,1,999,49504,60.06703616699815,648,10.787946956437684,test_get_all_node_labels,1000-nodes-with-50-pods,1,neo4j
zYJkX,2025-04-17T06:04:51Z,1,999,49504,60.066183957998874,641,10.671561896594223,test_get_all_node_taint,1000-nodes-with-50-pods,1,neo4j
zYJkX,2025-04-17T06:06:19Z,1,999,49504,60.016402666999056,466,7.764544012835966,test_get_all_nodes_pods,1000-nodes-with-50-pods,2,neo4j
zYJkX,2025-04-17T06:07:49Z,1,999,49504,60.01738970899896,422,7.031295463633361,test_get_all_pods_labels,1000-nodes-with-50-pods,3,neo4j
zYJkX,2025-04-17T06:09:18Z,1,999,49504,60.05084016600085,439,7.310472239629877,test_get_all_pods_annotations,1000-nodes-with-50-pods,3,neo4j
zYJkX,2025-04-17T06:10:50Z,1,999,49504,60.10663383299834,391,6.5051055942737275,test_get_all_pods_containers,1000-nodes-with-50-pods,3,neo4j
zYJkX,2025-04-17T06:12:21Z,1,999,49504,60.09965150000062,379,6.306192973514931,test_get_all_pods_replicasets,1000-nodes-with-50-pods,3,neo4j
zYJkX,2025-04-17T06:13:53Z,1,999,49504,60.10882437499822,348,5.789499355850782,test_get_all_pods_replicasets_labels,1000-nodes-with-50-pods,4,neo4j
zYJkX,2025-04-17T06:15:27Z,1,999,49504,60.154623708000145,354,5.884834418021976,test_get_all_pods_replicasets_annotations,1000-nodes-with-50-pods,4,neo4j
zYJkX,2025-04-17T06:17:03Z,1,999,49504,60.07159854099882,317,5.277036198456543,test_get_all_pods_deployments,1000-nodes-with-50-pods,4,neo4j
zYJkX,2025-04-17T06:18:29Z,1,999,49504,60.10429791599745,904,15.040521748768153,test_get_all_pods_images,1000-nodes-with-50-pods,4,neo4j
zYJkX,2025-04-17T06:20:04Z,1,999,49504,60.072001500000624,300,4.994007066669767,test_get_all_pods_deployments_annotations,1000-nodes-with-50-pods,5,neo4j
zYJkX,2025-04-17T06:21:40Z,1,999,49504,60.01271670799906,298,4.965614228896919,test_get_all_pods_deployments_labels,1000-nodes-with-50-pods,5,neo4j
zYJkX,2025-04-17T06:22:56Z,1,999,49504,60.00943412500055,18198,303.25231799542206,test_get_pods_for_specific_node,1000-nodes-with-50-pods,1,neo4j
zYJkX,2025-04-17T06:24:12Z,1,999,49504,60.005254292002064,13701,228.33000479136655,get_labels_for_specific_node,1000-nodes-with-50-pods,1,neo4j
zYJkX,2025-04-17T06:25:27Z,1,999,49504,60.000055083000916,16299,271.6497506119423,get_taint_for_specific_node,1000-nodes-with-50-pods,1,neo4j
zYJkX,2025-04-17T06:26:43Z,1,999,49504,60.00150145799853,13486,224.76104217892438,get_annotation_for_specific_node,1000-nodes-with-50-pods,1,neo4j
zYJkX,2025-04-17T06:27:58Z,1,999,49504,60.040032458000496,18242,303.8306152276106,get_pod_labels_for_specific_node,1000-nodes-with-50-pods,2,neo4j
zYJkX,2025-04-17T06:29:14Z,1,999,49504,60.000747084002796,19180,319.6626864186781,get_pod_annotations_for_specific_node,1000-nodes-with-50-pods,2,neo4j
zYJkX,2025-04-17T06:30:29Z,1,999,49504,60.00030016699748,18895,314.9150912147102,get_pod_container_for_specific_node,1000-nodes-with-50-pods,2,neo4j
zYJkX,2025-04-17T06:31:45Z,1,999,49504,60.00256037500003,19044,317.38645619420356,get_pod_replicaset_for_specific_node,1000-nodes-with-50-pods,2,neo4j
zYJkX,2025-04-17T06:33:00Z,1,999,49504,60.01711612500003,19326,322.008141140087,get_pod_deployment_for_specific_node,1000-nodes-with-50-pods,3,neo4j
zYJkX,2025-04-17T06:34:16Z,1,999,49504,60.00114504099838,19570,326.1604422153602,get_pod_replicaset_label_for_specific_node,1000-nodes-with-50-pods,3,neo4j
zYJkX,2025-04-17T06:35:32Z,1,999,49504,60.00147933300104,18916,315.2588937852425,get_pod_replicaset_annotation_for_specific_node,1000-nodes-with-50-pods,3,neo4j
zYJkX,2025-04-17T06:36:47Z,1,999,49504,60.00223179200111,18424,307.0552452759949,get_pod_deployment_label_for_specific_node,1000-nodes-with-50-pods,4,neo4j
zYJkX,2025-04-17T06:38:03Z,1,999,49504,60.000919582998904,18754,312.561876223542,get_pod_deployment_annotation_for_specific_node,1000-nodes-with-50-pods,4,neo4j
zYJkX,2025-04-17T06:39:24Z,1,999,49504,60.01393858300071,1259,20.978459833273114,get_pod_labels_for_specific_pod,1000-nodes-with-50-pods,1,neo4j
zYJkX,2025-04-17T06:40:47Z,1,999,49504,60.02081633399939,1236,20.59285553735222,get_pod_annotations_for_specific_pod,1000-nodes-with-50-pods,1,neo4j
zYJkX,2025-04-17T06:42:08Z,1,999,49504,60.00642841700028,1066,17.764763344888465,get_pod_container_for_specific_pod,1000-nodes-with-50-pods,1,neo4j
zYJkX,2025-04-17T06:43:31Z,1,999,49504,60.02546391600117,1079,17.975704469522103,get_pod_replicaset_for_specific_pod,1000-nodes-with-50-pods,1,neo4j
zYJkX,2025-04-17T06:44:55Z,1,999,49504,60.01868441600163,1105,18.41093337436425,get_pod_deployment_for_specific_pod,1000-nodes-with-50-pods,2,neo4j
zYJkX,2025-04-17T06:46:18Z,1,999,49504,60.00427429199772,1106,18.43202026938768,get_pod_replicaset_label_for_specific_pod,1000-nodes-with-50-pods,2,neo4j
zYJkX,2025-04-17T06:47:40Z,1,999,49504,60.03544837500158,1100,18.322508280924804,get_pod_replicaset_annotation_for_specific_pod,1000-nodes-with-50-pods,2,neo4j
zYJkX,2025-04-17T06:49:04Z,1,999,49504,60.007334334000916,1063,17.71450126551765,get_pod_deployment_label_for_specific_pod,1000-nodes-with-50-pods,3,neo4j
zYJkX,2025-04-17T06:50:26Z,1,999,49504,60.059364458000346,1044,17.382801323681534,get_pod_deployment_annotation_for_specific_pod,1000-nodes-with-50-pods,3,neo4j
zYJkX,2025-04-17T06:51:42Z,1,999,49504,60.04030387500097,8186,136.34174832030473,get_pods_for_replicaset,1000-nodes-with-50-pods,1,neo4j
zYJkX,2025-04-17T06:52:58Z,1,999,49504,60.00644066699897,19740,328.9646874665601,get_deployment_for_replicaset,1000-nodes-with-50-pods,1,neo4j
zYJkX,2025-04-17T06:54:14Z,1,999,49504,60.020760166997206,4486,74.74080613971722,get_pod_labels_for_replicaset,1000-nodes-with-50-pods,2,neo4j
zYJkX,2025-04-17T06:55:32Z,1,999,49504,60.021977333002724,2074,34.554009916957924,get_pod_annotations_for_replicaset,1000-nodes-with-50-pods,2,neo4j
zYJkX,2025-04-17T06:56:48Z,1,999,49504,60.000515709001775,6883,114.71568066818058,get_pod_container_for_replicaset,1000-nodes-with-50-pods,2,neo4j
zYJkX,2025-04-17T06:58:04Z,1,999,49504,60.00089708399901,18435,307.24540625103805,get_deployment_label_for_replicaset,1000-nodes-with-50-pods,3,neo4j
zYJkX,2025-04-17T06:59:19Z,1,999,49504,60.003495290999126,16675,277.9004776160323,get_deployment_annotation_for_replicaset,1000-nodes-with-50-pods,3,neo4j
KM8x5,2025-04-17T11:47:16Z,1,999,49500,60.03398412500246,746,12.426295053926165,test_get_all_nodes,1000-nodes-with-50-pods,1,memgraph
KM8x5,2025-04-17T11:48:42Z,1,999,49500,60.13181199999963,625,10.39383280184545,test_get_all_node_annotations,1000-nodes-with-50-pods,1,memgraph
KM8x5,2025-04-17T11:50:07Z,1,999,49500,60.02652954199584,612,10.195491971126396,test_get_all_node_labels,1000-nodes-with-50-pods,1,memgraph
KM8x5,2025-04-17T11:51:33Z,1,999,49500,60.02237195899943,666,11.095862730232266,test_get_all_node_taint,1000-nodes-with-50-pods,1,memgraph
KM8x5,2025-04-17T11:53:07Z,1,999,49500,60.10233904199413,365,6.0729749593434414,test_get_all_nodes_pods,1000-nodes-with-50-pods,2,memgraph
KM8x5,2025-04-17T11:54:55Z,1,999,49500,60.024158542000805,257,4.281609376000981,test_get_all_pods_labels,1000-nodes-with-50-pods,3,memgraph
KM8x5,2025-04-17T11:56:50Z,1,999,49500,60.17973454199819,170,2.824871217757874,test_get_all_pods_annotations,1000-nodes-with-50-pods,3,memgraph
KM8x5,2025-04-17T11:58:29Z,1,999,49500,60.143254583999806,297,4.938209647188137,test_get_all_pods_containers,1000-nodes-with-50-pods,3,memgraph
KM8x5,2025-04-17T12:00:08Z,1,999,49500,60.12585466600285,287,4.773320921495014,test_get_all_pods_replicasets,1000-nodes-with-50-pods,3,memgraph
KM8x5,2025-04-17T12:01:54Z,1,999,49500,60.20489345800161,236,3.9199471412507605,test_get_all_pods_replicasets_labels,1000-nodes-with-50-pods,4,memgraph
KM8x5,2025-04-17T12:03:41Z,1,999,49500,60.44047545799549,214,3.540673669066754,test_get_all_pods_replicasets_annotations,1000-nodes-with-50-pods,4,memgraph
KM8x5,2025-04-17T12:05:28Z,1,999,49500,60.472019082997576,219,3.621509639018725,test_get_all_pods_deployments,1000-nodes-with-50-pods,4,memgraph
KM8x5,2025-04-17T12:06:51Z,1,999,49500,60.006908499999554,990,16.498100381225395,test_get_all_pods_images,1000-nodes-with-50-pods,4,memgraph
KM8x5,2025-04-17T12:08:42Z,1,999,49500,60.58664612499706,188,3.1029940098043203,test_get_all_pods_deployments_annotations,1000-nodes-with-50-pods,5,memgraph
KM8x5,2025-04-17T12:10:30Z,1,999,49500,60.21734104099596,207,3.4375479956691284,test_get_all_pods_deployments_labels,1000-nodes-with-50-pods,5,memgraph
KM8x5,2025-04-17T12:11:46Z,1,999,49500,60.000693666006555,4358,72.63249362180339,test_get_pods_for_specific_node,1000-nodes-with-50-pods,1,memgraph
KM8x5,2025-04-17T12:13:03Z,1,999,49500,60.00632533300086,6070,101.15600257664445,get_labels_for_specific_node,1000-nodes-with-50-pods,1,memgraph
KM8x5,2025-04-17T12:14:18Z,1,999,49500,60.00274233300297,6797,113.27815589290965,get_taint_for_specific_node,1000-nodes-with-50-pods,1,memgraph
KM8x5,2025-04-17T12:15:35Z,1,999,49500,60.00624733299628,6156,102.58931817279189,get_annotation_for_specific_node,1000-nodes-with-50-pods,1,memgraph
KM8x5,2025-04-17T12:16:52Z,1,999,49500,60.00070283399691,3799,63.315924990256185,get_pod_labels_for_specific_node,1000-nodes-with-50-pods,2,memgraph
KM8x5,2025-04-17T12:18:11Z,1,999,49500,60.017843667003035,1829,30.474270454430844,get_pod_annotations_for_specific_node,1000-nodes-with-50-pods,2,memgraph
KM8x5,2025-04-17T12:19:27Z,1,999,49500,60.005630166997435,4072,67.8602989197431,get_pod_container_for_specific_node,1000-nodes-with-50-pods,2,memgraph
KM8x5,2025-04-17T12:20:43Z,1,999,49500,60.00797658300144,4053,67.54102089068107,get_pod_replicaset_for_specific_node,1000-nodes-with-50-pods,2,memgraph
KM8x5,2025-04-17T12:21:59Z,1,999,49500,60.01049645800231,4887,81.4357535505495,get_pod_deployment_for_specific_node,1000-nodes-with-50-pods,3,memgraph
KM8x5,2025-04-17T12:23:16Z,1,999,49500,60.01198620899959,3266,54.422461350066435,get_pod_replicaset_label_for_specific_node,1000-nodes-with-50-pods,3,memgraph
KM8x5,2025-04-17T12:24:34Z,1,999,49500,60.00047204200382,1809,30.149762800759213,get_pod_replicaset_annotation_for_specific_node,1000-nodes-with-50-pods,3,memgraph
KM8x5,2025-04-17T12:25:50Z,1,999,49500,60.00893712499965,4736,78.92157779990055,get_pod_deployment_label_for_specific_node,1000-nodes-with-50-pods,4,memgraph
KM8x5,2025-04-17T12:27:08Z,1,999,49500,60.015989666993846,2052,34.19088831802618,get_pod_deployment_annotation_for_specific_node,1000-nodes-with-50-pods,4,memgraph
KM8x5,2025-04-17T12:28:27Z,1,999,49500,60.07636695799738,2969,49.42043186592471,get_pod_labels_for_specific_pod,1000-nodes-with-50-pods,1,memgraph
KM8x5,2025-04-17T12:29:45Z,1,999,49500,60.011518416999024,2903,48.374046792618536,get_pod_annotations_for_specific_pod,1000-nodes-with-50-pods,1,memgraph
KM8x5,2025-04-17T12:31:03Z,1,999,49500,60.003762292006286,3022,50.36350862956791,get_pod_container_for_specific_pod,1000-nodes-with-50-pods,1,memgraph
KM8x5,2025-04-17T12:32:21Z,1,999,49500,60.009985290998884,3049,50.808211087119375,get_pod_replicaset_for_specific_pod,1000-nodes-with-50-pods,1,memgraph
KM8x5,2025-04-17T12:33:39Z,1,999,49500,60.004074791002495,2925,48.74668945713998,get_pod_deployment_for_specific_pod,1000-nodes-with-50-pods,2,memgraph
KM8x5,2025-04-17T12:34:56Z,1,999,49500,60.022217459001695,2821,46.99926326325565,get_pod_replicaset_label_for_specific_pod,1000-nodes-with-50-pods,2,memgraph
KM8x5,2025-04-17T12:36:15Z,1,999,49500,60.019362749997526,2744,45.71857937628825,get_pod_replicaset_annotation_for_specific_pod,1000-nodes-with-50-pods,2,memgraph
KM8x5,2025-04-17T12:37:33Z,1,999,49500,60.00943466700119,2709,45.142901529276735,get_pod_deployment_label_for_specific_pod,1000-nodes-with-50-pods,3,memgraph
KM8x5,2025-04-17T12:38:52Z,1,999,49500,60.01395166599832,2811,46.83910860668434,get_pod_deployment_annotation_for_specific_pod,1000-nodes-with-50-pods,3,memgraph
KM8x5,2025-04-17T12:40:08Z,1,999,49500,60.00239145800151,5001,83.34667799866668,get_pods_for_replicaset,1000-nodes-with-50-pods,1,memgraph
KM8x5,2025-04-17T12:41:25Z,1,999,49500,60.00318374999915,7638,127.29324550216234,get_deployment_for_replicaset,1000-nodes-with-50-pods,1,memgraph
KM8x5,2025-04-17T12:42:41Z,1,999,49500,60.0172910409965,4256,70.91289736974,get_pod_labels_for_replicaset,1000-nodes-with-50-pods,2,memgraph
KM8x5,2025-04-17T12:43:59Z,1,999,49500,60.00963762500032,2147,35.77758648396752,get_pod_annotations_for_replicaset,1000-nodes-with-50-pods,2,memgraph
KM8x5,2025-04-17T12:45:16Z,1,999,49500,60.02088158299739,3866,64.41091663497248,get_pod_container_for_replicaset,1000-nodes-with-50-pods,2,memgraph
KM8x5,2025-04-17T12:46:32Z,1,999,49500,60.00440404200344,7109,118.47463721202293,get_deployment_label_for_replicaset,1000-nodes-with-50-pods,3,memgraph
KM8x5,2025-04-17T12:47:48Z,1,999,49500,60.00224537499889,6382,106.3626862647241,get_deployment_annotation_for_replicaset,1000-nodes-with-50-pods,3,memgraph
